{
  "generated_at": "2026-05-06T09:26:30.743478+00:00",
  "horizons": [
    3,
    6,
    12,
    24
  ],
  "summary": {
    "ROTATE_TO_BTC": {
      "3": {
        "count": 30,
        "mean_rotate_win_pct": -0.05796309073318977,
        "win_rate_pct": 43.333333333333336
      },
      "6": {
        "count": 30,
        "mean_rotate_win_pct": 0.16583543495601324,
        "win_rate_pct": 56.666666666666664
      },
      "12": {
        "count": 30,
        "mean_rotate_win_pct": 0.8298415996560531,
        "win_rate_pct": 56.666666666666664
      },
      "24": {
        "count": 30,
        "mean_rotate_win_pct": 1.1268915010130458,
        "win_rate_pct": 56.666666666666664
      }
    },
    "ROTATE_TO_ETH": {
      "3": {
        "count": 33,
        "mean_rotate_win_pct": 0.06194202352002471,
        "win_rate_pct": 57.57575757575758
      },
      "6": {
        "count": 33,
        "mean_rotate_win_pct": 0.504656772822067,
        "win_rate_pct": 60.60606060606061
      },
      "12": {
        "count": 33,
        "mean_rotate_win_pct": 1.0101552740167097,
        "win_rate_pct": 60.60606060606061
      },
      "24": {
        "count": 33,
        "mean_rotate_win_pct": 1.5045775235138066,
        "win_rate_pct": 66.66666666666666
      }
    }
  },
  "sample": [
    {
      "idx": 29,
      "ts": 1775210581060,
      "signal": "ROTATE_TO_BTC",
      "spread_move_pct": 0.2297694320178836,
      "spread_z_like": 0.7205642516257527,
      "eth_mom_pct": -0.10794890893251216,
      "btc_mom_pct": 0.04599818097949536,
      "alt_advantage_now_pct": 0.1539470899120075,
      "horizon": 3,
      "rotate_win_pct": 0.34625504877622737
    },
    {
      "idx": 29,
      "ts": 1775210581060,
      "signal": "ROTATE_TO_BTC",
      "spread_move_pct": 0.2297694320178836,
      "spread_z_like": 0.7205642516257527,
      "eth_mom_pct": -0.10794890893251216,
      "btc_mom_pct": 0.04599818097949536,
      "alt_advantage_now_pct": 0.1539470899120075,
      "horizon": 6,
      "rotate_win_pct": 1.4225961528358366
    },
    {
      "idx": 29,
      "ts": 1775210581060,
      "signal": "ROTATE_TO_BTC",
      "spread_move_pct": 0.2297694320178836,
      "spread_z_like": 0.7205642516257527,
      "eth_mom_pct": -0.10794890893251216,
      "btc_mom_pct": 0.04599818097949536,
      "alt_advantage_now_pct": 0.1539470899120075,
      "horizon": 12,
      "rotate_win_pct": 4.710960025231212
    },
    {
      "idx": 29,
      "ts": 1775210581060,
      "signal": "ROTATE_TO_BTC",
      "spread_move_pct": 0.2297694320178836,
      "spread_z_like": 0.7205642516257527,
      "eth_mom_pct": -0.10794890893251216,
      "btc_mom_pct": 0.04599818097949536,
      "alt_advantage_now_pct": 0.1539470899120075,
      "horizon": 24,
      "rotate_win_pct": 5.18986978176629
    },
    {
      "idx": 42,
      "ts": 1775257454228,
      "signal": "ROTATE_TO_ETH",
      "spread_move_pct": -0.1213280255450162,
      "spread_z_like": -2.4357822537996574,
      "eth_mom_pct": -0.022161921748709887,
      "btc_mom_pct": -0.9120613197106383,
      "alt_advantage_now_pct": 0.8898993979619284,
      "horizon": 3,
      "rotate_win_pct": -0.7728102523773953
    },
    {
      "idx": 42,
      "ts": 1775257454228,
      "signal": "ROTATE_TO_ETH",
      "spread_move_pct": -0.1213280255450162,
      "spread_z_like": -2.4357822537996574,
      "eth_mom_pct": -0.022161921748709887,
      "btc_mom_pct": -0.9120613197106383,
      "alt_advantage_now_pct": 0.8898993979619284,
      "horizon": 6,
      "rotate_win_pct": -0.7607714066996626
    },
    {
      "idx": 42,
      "ts": 1775257454228,
      "signal": "ROTATE_TO_ETH",
      "spread_move_pct": -0.1213280255450162,
      "spread_z_like": -2.4357822537996574,
      "eth_mom_pct": -0.022161921748709887,
      "btc_mom_pct": -0.9120613197106383,
      "alt_advantage_now_pct": 0.8898993979619284,
      "horizon": 12,
      "rotate_win_pct": 0.6733724978465778
    },
    {
      "idx": 42,
      "ts": 1775257454228,
      "signal": "ROTATE_TO_ETH",
      "spread_move_pct": -0.1213280255450162,
      "spread_z_like": -2.4357822537996574,
      "eth_mom_pct": -0.022161921748709887,
      "btc_mom_pct": -0.9120613197106383,
      "alt_advantage_now_pct": 0.8898993979619284,
      "horizon": 24,
      "rotate_win_pct": 1.0856102268317678
    },
    {
      "idx": 48,
      "ts": 1775280633226,
      "signal": "ROTATE_TO_ETH",
      "spread_move_pct": -0.2011085677043222,
      "spread_z_like": -0.7767350902619075,
      "eth_mom_pct": 0.08765169792699058,
      "btc_mom_pct": 0.07550992888949337,
      "alt_advantage_now_pct": 0.01214176903749721,
      "horizon": 3,
      "rotate_win_pct": 0.08983096522064411
    },
    {
      "idx": 48,
      "ts": 1775280633226,
      "signal": "ROTATE_TO_ETH",
      "spread_move_pct": -0.2011085677043222,
      "spread_z_like": -0.7767350902619075,
      "eth_mom_pct": 0.08765169792699058,
      "btc_mom_pct": 0.07550992888949337,
      "alt_advantage_now_pct": 0.01214176903749721,
      "horizon": 6,
      "rotate_win_pct": 1.3437183251961906
    },
    {
      "idx": 48,
      "ts": 1775280633226,
      "signal": "ROTATE_TO_ETH",
      "spread_move_pct": -0.2011085677043222,
      "spread_z_like": -0.7767350902619075,
      "eth_mom_pct": 0.08765169792699058,
      "btc_mom_pct": 0.07550992888949337,
      "alt_advantage_now_pct": 0.01214176903749721,
      "horizon": 12,
      "rotate_win_pct": 0.7813152521056181
    },
    {
      "idx": 48,
      "ts": 1775280633226,
      "signal": "ROTATE_TO_ETH",
      "spread_move_pct": -0.2011085677043222,
      "spread_z_like": -0.7767350902619075,
      "eth_mom_pct": 0.08765169792699058,
      "btc_mom_pct": 0.07550992888949337,
      "alt_advantage_now_pct": 0.01214176903749721,
      "horizon": 24,
      "rotate_win_pct": 0.7956450360422908
    },
    {
      "idx": 51,
      "ts": 1775292299073,
      "signal": "ROTATE_TO_ETH",
      "spread_move_pct": -0.22892703844050663,
      "spread_z_like": -0.08707838492154982,
      "eth_mom_pct": 0.0610918358769648,
      "btc_mom_pct": -0.12865962971934952,
      "alt_advantage_now_pct": 0.18975146559631434,
      "horizon": 3,
      "rotate_win_pct": 1.1515345429851513
    },
    {
      "idx": 51,
      "ts": 1775292299073,
      "signal": "ROTATE_TO_ETH",
      "spread_move_pct": -0.22892703844050663,
      "spread_z_like": -0.08707838492154982,
      "eth_mom_pct": 0.0610918358769648,
      "btc_mom_pct": -0.12865962971934952,
      "alt_advantage_now_pct": 0.18975146559631434,
      "horizon": 6,
      "rotate_win_pct": -0.34932378627000876
    },
    {
      "idx": 51,
      "ts": 1775292299073,
      "signal": "ROTATE_TO_ETH",
      "spread_move_pct": -0.22892703844050663,
      "spread_z_like": -0.08707838492154982,
      "eth_mom_pct": 0.0610918358769648,
      "btc_mom_pct": -0.12865962971934952,
      "alt_advantage_now_pct": 0.18975146559631434,
      "horizon": 12,
      "rotate_win_pct": 1.345116862489657
    },
    {
      "idx": 51,
      "ts": 1775292299073,
      "signal": "ROTATE_TO_ETH",
      "spread_move_pct": -0.22892703844050663,
      "spread_z_like": -0.08707838492154982,
      "eth_mom_pct": 0.0610918358769648,
      "btc_mom_pct": -0.12865962971934952,
      "alt_advantage_now_pct": 0.18975146559631434,
      "horizon": 24,
      "rotate_win_pct": -0.14343214618363317
    },
    {
      "idx": 53,
      "ts": 1775299994105,
      "signal": "ROTATE_TO_BTC",
      "spread_move_pct": 0.8513371956276251,
      "spread_z_like": 0.07710231313283691,
      "eth_mom_pct": 0.04249965828677196,
      "btc_mom_pct": 0.13284802230411039,
      "alt_advantage_now_pct": 0.09034836401733842,
      "horizon": 3,
      "rotate_win_pct": 0.10006066372953372
    },
    {
      "idx": 53,
      "ts": 1775299994105,
      "signal": "ROTATE_TO_BTC",
      "spread_move_pct": 0.8513371956276251,
      "spread_z_like": 0.07710231313283691,
      "eth_mom_pct": 0.04249965828677196,