{
  "generated_at": "2026-05-06T08:14:31.221272+00:00",
  "source": "eth_scalper/out_eth_market_chart_30d.json",
  "rows": 726,
  "initial_usdc": 150.0,
  "initial_eth_equiv_units": 0.07335964130597386,
  "final_side": "USDC",
  "final_equity_usd": 150.62527648985846,
  "final_eth_equiv_units": 0.06552716279939327,
  "eth_equiv_delta_units": -0.007832478506580587,
  "eth_equiv_return_pct": -10.67682225150516,
  "total_return_pct": 0.41685099323897623,
  "trade_count": 14,
  "win_count": 9,
  "loss_count": 5,
  "win_rate": 0.6428571428571429,
  "avg_net_pnl_usd": 0.1206783674715999,
  "avg_net_pct": 0.08329584913625902,
  "total_net_pnl_usd": 1.6894971446023987,
  "avg_hold_bars": 3.2857142857142856,
  "timeout_exit_count": 2,
  "exit_reason_counts": {
    "hard_stop": 2,
    "mean_reclaim_exit": 9,
    "take_profit_retrace": 1,
    "timeout": 2
  },
  "objective": {
    "primary": "eth_equivalent_unit_accumulation",
    "starting_units": 0.07335964130597386,
    "ending_units": 0.06552716279939327,
    "delta_units": -0.007832478506580587,
    "return_pct": -10.67682225150516
  },
  "parameters": {
    "lookback": 12,
    "entry_discount_pct": 1.15,
    "reentry_recover_pct": 0.3,
    "exit_extension_pct": 0.7,
    "stop_pct": 0.75,
    "max_hold_bars": 8,
    "cooldown_bars": 4,
    "fee_pct_per_side": 0.05
  },
  "sample_trades": [
    {
      "entry_idx": 81,
      "exit_idx": 83,
      "entry_ts": 1775397796198,
      "exit_ts": 1775404820079,
      "entry_price": 2035.6568515330855,
      "exit_price": 2053.007242502597,
      "units": 0.07364944631365013,
      "gross_pnl_usd": 1.2778466882298574,
      "net_pnl_usd": 1.202245264885761,
      "net_pct": 0.8018977921532503,
      "hold_bars": 2,
      "entry_reason": "discounted_reversal_reentry",
      "exit_reason": "mean_reclaim_exit"
    },
    {
      "entry_idx": 131,
      "exit_idx": 133,
      "entry_ts": 1775577741562,
      "exit_ts": 1775584983095,
      "entry_price": 2079.4776168759936,
      "exit_price": 2099.8220095975844,
      "units": 0.07263924382565791,
      "gross_pnl_usd": 1.4778013033885884,
      "net_pnl_usd": 1.4015365619157762,
      "net_pct": 0.9278523394629509,
      "hold_bars": 2,
      "entry_reason": "discounted_reversal_reentry",
      "exit_reason": "mean_reclaim_exit"
    },
    {
      "entry_idx": 155,
      "exit_idx": 158,
      "entry_ts": 1775664152663,
      "exit_ts": 1775674941353,
      "entry_price": 2215.5995835881145,
      "exit_price": 2202.622601707491,
      "units": 0.06877460743529111,
      "gross_pnl_usd": -0.8924868345347647,
      "net_pnl_usd": -0.9682290869150165,
      "net_pct": -0.6354168544605665,
      "hold_bars": 3,
      "entry_reason": "discounted_reversal_reentry",
      "exit_reason": "take_profit_retrace"
    },
    {
      "entry_idx": 188,
      "exit_idx": 196,
      "entry_ts": 1775782850822,
      "exit_ts": 1775811865435,
      "entry_price": 2194.1600616834835,
      "exit_price": 2186.0683032813263,
      "units": 0.06897083798471232,
      "gross_pnl_usd": -0.5580953577666037,
      "net_pnl_usd": -0.6334828391511564,
      "net_pct": -0.4186017562798206,
      "hold_bars": 8,
      "entry_reason": "discounted_reversal_reentry",
      "exit_reason": "timeout"
    },
    {
      "entry_idx": 310,
      "exit_idx": 314,
      "entry_ts": 1776204050238,
      "exit_ts": 1776218402808,
      "entry_price": 2325.1125565065213,
      "exit_price": 2336.3775268637373,
      "units": 0.06478147695628791,
      "gross_pnl_usd": 0.7297614176092679,
      "net_pnl_usd": 0.654084424150426,
      "net_pct": 0.43424915346700277,
      "hold_bars": 4,
      "entry_reason": "discounted_reversal_reentry",
      "exit_reason": "mean_reclaim_exit"
    },
    {
      "entry_idx": 354,
      "exit_idx": 355,
      "entry_ts": 1776362423622,
      "exit_ts": 1776366042670,
      "entry_price": 2323.2625642679222,
      "exit_price": 2342.5808135081033,
      "units": 0.06508204156293299,
      "gross_pnl_usd": 1.25727109997257,
      "net_pnl_usd": 1.1810411290379363,
      "net_pct": 0.7810980606552899,
      "hold_bars": 1,
      "entry_reason": "discounted_reversal_reentry",
      "exit_reason": "mean_reclaim_exit"
    },
    {
      "entry_idx": 367,
      "exit_idx": 369,
      "entry_ts": 1776409252166,
      "exit_ts": 1776416461292,
      "entry_price": 2330.9754150607623,
      "exit_price": 2355.0552909142352,
      "units": 0.06534068058302953,
      "gross_pnl_usd": 1.5733954766207887,
      "net_pnl_usd": 1.4964550188612975,
      "net_pct": 0.9825220832463856,
      "hold_bars": 2,
      "entry_reason": "discounted_reversal_reentry",
      "exit_reason": "mean_reclaim_exit"
    },
    {
      "entry_idx": 399,
      "exit_idx": 407,
      "entry_ts": 1776524435959,
      "exit_ts": 1776553243126,
      "entry_price": 2365.1823398135616,
      "exit_price": 2357.5179547928574,
      "units": 0.06499586542905962,
      "gross_pnl_usd": -0.4981533374021865,
      "net_pnl_usd": -0.57476779727034,
      "net_pct": -0.3738884672543948,
      "hold_bars": 8,
      "entry_reason": "discounted_reversal_reentry",
      "exit_reason": "timeout"
    },
    {
      "entry_idx": 419,
      "exit_idx": 421,
      "entry_ts": 1776596456060,
      "exit_ts": 1776603609773,
      "entry_price": 2319.2556690838746,
      "exit_price": 2333.258666738629,
      "units": 0.06600209332861877,
      "gross_pnl_usd": 0.9242271580895363,
      "net_pnl_usd": 0.8472271799485895,
      "net_pct": 0.553469308817326,
      "hold_bars": 2,
      "entry_reason": "discounted_reversal_reentry",
      "exit_reason": "mean_reclaim_exit"
    },
    {
      "entry_idx": 433,
      "exit_idx": 436,
      "entry_ts": 1776646802846,
      "exit_ts": 1776657630484,
      "entry_price": 2282.5862235018767,
      "exit_price": 2287.4759904332263,
      "units": 0.06739986128084695,
      "gross_pnl_usd": 0.3295696128686245,
      "net_pnl_usd": 0.2524818306494012,
      "net_pct": 0.1641133595551947,
      "hold_bars": 3,
      "entry_reason": "discounted_reversal_reentry",
      "exit_reason": "mean_reclaim_exit"
    },
    {
      "entry_idx": 509,
      "exit_idx": 514,
      "entry_ts": 1776920422821,
      "exit_ts": 1776938427183,
      "entry_price": 2348.2429788192144,
      "exit_price": 2317.0301077545414,
      "units": 0.06559007258072072,
      "gross_pnl_usd": -2.047254478584591,
      "net_pnl_usd": -2.1232415650542578,
      "net_pct": -1.3785364807021796,
      "hold_bars": 5,
      "entry_reason": "discounted_reversal_reentry",
      "exit_reason": "hard_stop"
    },
    {
      "entry_idx": 621,
      "exit_idx": 624,
      "entry_ts": 1777323648934,
      "exit_ts": 1777334441359,
      "entry_price": 2292.0678066757678,
      "exit_price": 2303.324200998658,
      "units": 0.0662381088019077,
      "gross_pnl_usd": 0.745602271876777,
      "net_pnl_usd": 0.6693183523608752,
      "net_pct": 0.4408566008806721,
      "hold_bars": 3,
      "entry_reason": "discounted_reversal_reentry",
      "exit_reason": "mean_reclaim_exit"
    }
  ]
}